ratio	cnt
1	73.91304347826086
2	7.971014492753622
3	3.6231884057971016
4	6.521739130434782
5	7.971014492753622
6	0.0
